Quisque egestas diam in arcu cursus euismod.	Fermentum odio eu feugiat pretium nibh ipsum consequat nisl.	Non diam phasellus vestibulum lorem sed risus ultricies tristique nulla.	Porttitor leo a diam sollicitudin tempor id eu nisl.	Tristique sollicitudin nibh sit amet commodo nulla facilisi.	Varius vel pharetra vel turpis nunc eget.	Tincidunt eget nullam non nisi est sit amet facilisis.	Id ornare arcu odio ut sem nulla pharetra diam.	Sollicitudin ac orci phasellus egestas tellus rutrum.	Ut consequat semper viverra nam libero justo.	Tellus rutrum tellus pellentesque eu.	Rutrum quisque non tellus orci ac.	Enim nunc faucibus a pellentesque sit amet porttitor eget.
Quisque egestas diam in arcu cursus euismod.	Fermentum odio eu feugiat pretium nibh ipsum consequat nisl.	Non diam phasellus vestibulum lorem sed risus ultricies tristique nulla.	Porttitor leo a diam sollicitudin tempor id eu nisl.	Tristique sollicitudin nibh sit amet commodo nulla facilisi.	Varius vel pharetra vel turpis nunc eget.	Tincidunt eget nullam non nisi est sit amet facilisis.	Id ornare arcu odio ut sem nulla pharetra diam.	Sollicitudin ac orci phasellus egestas tellus rutrum.	Ut consequat semper viverra nam libero justo.	Tellus rutrum tellus pellentesque eu.	Rutrum quisque non tellus orci ac.	Enim nunc faucibus a pellentesque sit amet porttitor eget.
Quisque egestas diam in arcu cursus euismod.	Fermentum odio eu feugiat pretium nibh ipsum consequat nisl.	Non diam phasellus vestibulum lorem sed risus ultricies tristique nulla.	Porttitor leo a diam sollicitudin tempor id eu nisl.	Tristique sollicitudin nibh sit amet commodo nulla facilisi.	Varius vel pharetra vel turpis nunc eget.	Tincidunt eget nullam non nisi est sit amet facilisis.	Id ornare arcu odio ut sem nulla pharetra diam.	Sollicitudin ac orci phasellus egestas tellus rutrum.	Ut consequat semper viverra nam libero justo.	Tellus rutrum tellus pellentesque eu.	Rutrum quisque non tellus orci ac.	Enim nunc faucibus a pellentesque sit amet porttitor eget.
Quisque egestas diam in arcu cursus euismod.	Fermentum odio eu feugiat pretium nibh ipsum consequat nisl.	Non diam phasellus vestibulum lorem sed risus ultricies tristique nulla.	Porttitor leo a diam sollicitudin tempor id eu nisl.	Tristique sollicitudin nibh sit amet commodo nulla facilisi.	Varius vel pharetra vel turpis nunc eget.	Tincidunt eget nullam non nisi est sit amet facilisis.	Id ornare arcu odio ut sem nulla pharetra diam.	Sollicitudin ac orci phasellus egestas tellus rutrum.	Ut consequat semper viverra nam libero justo.	Tellus rutrum tellus pellentesque eu.	Rutrum quisque non tellus orci ac.	Enim nunc faucibus a pellentesque sit amet porttitor eget.
Quisque egestas diam in arcu cursus euismod.	Fermentum odio eu feugiat pretium nibh ipsum consequat nisl.	Non diam phasellus vestibulum lorem sed risus ultricies tristique nulla.	Porttitor leo a diam sollicitudin tempor id eu nisl.	Tristique sollicitudin nibh sit amet commodo nulla facilisi.	Varius vel pharetra vel turpis nunc eget.	Tincidunt eget nullam non nisi est sit amet facilisis.	Id ornare arcu odio ut sem nulla pharetra diam.	Sollicitudin ac orci phasellus egestas tellus rutrum.	Ut consequat semper viverra nam libero justo.	Tellus rutrum tellus pellentesque eu.	Rutrum quisque non tellus orci ac.	Enim nunc faucibus a pellentesque sit amet porttitor eget.
Quisque egestas diam in arcu cursus euismod.	Fermentum odio eu feugiat pretium nibh ipsum consequat nisl.	Non diam phasellus vestibulum lorem sed risus ultricies tristique nulla.	Porttitor leo a diam sollicitudin tempor id eu nisl.	Tristique sollicitudin nibh sit amet commodo nulla facilisi.	Varius vel pharetra vel turpis nunc eget.	Tincidunt eget nullam non nisi est sit amet facilisis.	Id ornare arcu odio ut sem nulla pharetra diam.	Sollicitudin ac orci phasellus egestas tellus rutrum.	Ut consequat semper viverra nam libero justo.	Tellus rutrum tellus pellentesque eu.	Rutrum quisque non tellus orci ac.	Enim nunc faucibus a pellentesque sit amet porttitor eget.
Quisque egestas diam in arcu cursus euismod.	Fermentum odio eu feugiat pretium nibh ipsum consequat nisl.	Non diam phasellus vestibulum lorem sed risus ultricies tristique nulla.	Porttitor leo a diam sollicitudin tempor id eu nisl.	Tristique sollicitudin nibh sit amet commodo nulla facilisi.	Varius vel pharetra vel turpis nunc eget.	Tincidunt eget nullam non nisi est sit amet facilisis.	Id ornare arcu odio ut sem nulla pharetra diam.	Sollicitudin ac orci phasellus egestas tellus rutrum.	Ut consequat semper viverra nam libero justo.	Tellus rutrum tellus pellentesque eu.	Rutrum quisque non tellus orci ac.	Enim nunc faucibus a pellentesque sit amet porttitor eget.
Quisque egestas diam in arcu cursus euismod.	Fermentum odio eu feugiat pretium nibh ipsum consequat nisl.	Non diam phasellus vestibulum lorem sed risus ultricies tristique nulla.	Porttitor leo a diam sollicitudin tempor id eu nisl.	Tristique sollicitudin nibh sit amet commodo nulla facilisi.	Varius vel pharetra vel turpis nunc eget.	Tincidunt eget nullam non nisi est sit amet facilisis.	Id ornare arcu odio ut sem nulla pharetra diam.	Sollicitudin ac orci phasellus egestas tellus rutrum.	Ut consequat semper viverra nam libero justo.	Tellus rutrum tellus pellentesque eu.	Rutrum quisque non tellus orci ac.	Enim nunc faucibus a pellentesque sit amet porttitor eget.
Quisque egestas diam in arcu cursus euismod.	Fermentum odio eu feugiat pretium nibh ipsum consequat nisl.	Non diam phasellus vestibulum lorem sed risus ultricies tristique nulla.	Porttitor leo a diam sollicitudin tempor id eu nisl.	Tristique sollicitudin nibh sit amet commodo nulla facilisi.	Varius vel pharetra vel turpis nunc eget.	Tincidunt eget nullam non nisi est sit amet facilisis.	Id ornare arcu odio ut sem nulla pharetra diam.	Sollicitudin ac orci phasellus egestas tellus rutrum.	Ut consequat semper viverra nam libero justo.	Tellus rutrum tellus pellentesque eu.	Rutrum quisque non tellus orci ac.	Enim nunc faucibus a pellentesque sit amet porttitor eget.
Quisque egestas diam in arcu cursus euismod.	Fermentum odio eu feugiat pretium nibh ipsum consequat nisl.	Non diam phasellus vestibulum lorem sed risus ultricies tristique nulla.	Porttitor leo a diam sollicitudin tempor id eu nisl.	Tristique sollicitudin nibh sit amet commodo nulla facilisi.	Varius vel pharetra vel turpis nunc eget.	Tincidunt eget nullam non nisi est sit amet facilisis.	Id ornare arcu odio ut sem nulla pharetra diam.	Sollicitudin ac orci phasellus egestas tellus rutrum.	Ut consequat semper viverra nam libero justo.	Tellus rutrum tellus pellentesque eu.	Rutrum quisque non tellus orci ac.	Enim nunc faucibus a pellentesque sit amet porttitor eget.
Quisque egestas diam in arcu cursus euismod.	Fermentum odio eu feugiat pretium nibh ipsum consequat nisl.	Non diam phasellus vestibulum lorem sed risus ultricies tristique nulla.	Porttitor leo a diam sollicitudin tempor id eu nisl.	Tristique sollicitudin nibh sit amet commodo nulla facilisi.	Varius vel pharetra vel turpis nunc eget.	Tincidunt eget nullam non nisi est sit amet facilisis.	Id ornare arcu odio ut sem nulla pharetra diam.	Sollicitudin ac orci phasellus egestas tellus rutrum.	Ut consequat semper viverra nam libero justo.	Tellus rutrum tellus pellentesque eu.	Rutrum quisque non tellus orci ac.	Enim nunc faucibus a pellentesque sit amet porttitor eget.
Quisque egestas diam in arcu cursus euismod.	Fermentum odio eu feugiat pretium nibh ipsum consequat nisl.	Non diam phasellus vestibulum lorem sed risus ultricies tristique nulla.	Porttitor leo a diam sollicitudin tempor id eu nisl.	Tristique sollicitudin nibh sit amet commodo nulla facilisi.	Varius vel pharetra vel turpis nunc eget.	Tincidunt eget nullam non nisi est sit amet facilisis.	Id ornare arcu odio ut sem nulla pharetra diam.	Sollicitudin ac orci phasellus egestas tellus rutrum.	Ut consequat semper viverra nam libero justo.	Tellus rutrum tellus pellentesque eu.	Rutrum quisque non tellus orci ac.	Enim nunc faucibus a pellentesque sit amet porttitor eget.
Quisque egestas diam in arcu cursus euismod.	Fermentum odio eu feugiat pretium nibh ipsum consequat nisl.	Non diam phasellus vestibulum lorem sed risus ultricies tristique nulla.	Porttitor leo a diam sollicitudin tempor id eu nisl.	Tristique sollicitudin nibh sit amet commodo nulla facilisi.	Varius vel pharetra vel turpis nunc eget.	Tincidunt eget nullam non nisi est sit amet facilisis.	Id ornare arcu odio ut sem nulla pharetra diam.	Sollicitudin ac orci phasellus egestas tellus rutrum.	Ut consequat semper viverra nam libero justo.	Tellus rutrum tellus pellentesque eu.	Rutrum quisque non tellus orci ac.	Enim nunc faucibus a pellentesque sit amet porttitor eget.
Quisque egestas diam in arcu cursus euismod.	Fermentum odio eu feugiat pretium nibh ipsum consequat nisl.	Non diam phasellus vestibulum lorem sed risus ultricies tristique nulla.	Porttitor leo a diam sollicitudin tempor id eu nisl.	Tristique sollicitudin nibh sit amet commodo nulla facilisi.	Varius vel pharetra vel turpis nunc eget.	Tincidunt eget nullam non nisi est sit amet facilisis.	Id ornare arcu odio ut sem nulla pharetra diam.	Sollicitudin ac orci phasellus egestas tellus rutrum.	Ut consequat semper viverra nam libero justo.	Tellus rutrum tellus pellentesque eu.	Rutrum quisque non tellus orci ac.	Enim nunc faucibus a pellentesque sit amet porttitor eget.
Quisque egestas diam in arcu cursus euismod.	Fermentum odio eu feugiat pretium nibh ipsum consequat nisl.	Non diam phasellus vestibulum lorem sed risus ultricies tristique nulla.	Porttitor leo a diam sollicitudin tempor id eu nisl.	Tristique sollicitudin nibh sit amet commodo nulla facilisi.	Varius vel pharetra vel turpis nunc eget.	Tincidunt eget nullam non nisi est sit amet facilisis.	Id ornare arcu odio ut sem nulla pharetra diam.	Sollicitudin ac orci phasellus egestas tellus rutrum.	Ut consequat semper viverra nam libero justo.	Tellus rutrum tellus pellentesque eu.	Rutrum quisque non tellus orci ac.	Enim nunc faucibus a pellentesque sit amet porttitor eget.
Quisque egestas diam in arcu cursus euismod.	Fermentum odio eu feugiat pretium nibh ipsum consequat nisl.	Non diam phasellus vestibulum lorem sed risus ultricies tristique nulla.	Porttitor leo a diam sollicitudin tempor id eu nisl.	Tristique sollicitudin nibh sit amet commodo nulla facilisi.	Varius vel pharetra vel turpis nunc eget.	Tincidunt eget nullam non nisi est sit amet facilisis.	Id ornare arcu odio ut sem nulla pharetra diam.	Sollicitudin ac orci phasellus egestas tellus rutrum.	Ut consequat semper viverra nam libero justo.	Tellus rutrum tellus pellentesque eu.	Rutrum quisque non tellus orci ac.	Enim nunc faucibus a pellentesque sit amet porttitor eget.
Quisque egestas diam in arcu cursus euismod.	Fermentum odio eu feugiat pretium nibh ipsum consequat nisl.	Non diam phasellus vestibulum lorem sed risus ultricies tristique nulla.	Porttitor leo a diam sollicitudin tempor id eu nisl.	Tristique sollicitudin nibh sit amet commodo nulla facilisi.	Varius vel pharetra vel turpis nunc eget.	Tincidunt eget nullam non nisi est sit amet facilisis.	Id ornare arcu odio ut sem nulla pharetra diam.	Sollicitudin ac orci phasellus egestas tellus rutrum.	Ut consequat semper viverra nam libero justo.	Tellus rutrum tellus pellentesque eu.	Rutrum quisque non tellus orci ac.	Enim nunc faucibus a pellentesque sit amet porttitor eget.
Quisque egestas diam in arcu cursus euismod.	Fermentum odio eu feugiat pretium nibh ipsum consequat nisl.	Non diam phasellus vestibulum lorem sed risus ultricies tristique nulla.	Porttitor leo a diam sollicitudin tempor id eu nisl.	Tristique sollicitudin nibh sit amet commodo nulla facilisi.	Varius vel pharetra vel turpis nunc eget.	Tincidunt eget nullam non nisi est sit amet facilisis.	Id ornare arcu odio ut sem nulla pharetra diam.	Sollicitudin ac orci phasellus egestas tellus rutrum.	Ut consequat semper viverra nam libero justo.	Tellus rutrum tellus pellentesque eu.	Rutrum quisque non tellus orci ac.	Enim nunc faucibus a pellentesque sit amet porttitor eget.
Quisque egestas diam in arcu cursus euismod.	Fermentum odio eu feugiat pretium nibh ipsum consequat nisl.	Non diam phasellus vestibulum lorem sed risus ultricies tristique nulla.	Porttitor leo a diam sollicitudin tempor id eu nisl.	Tristique sollicitudin nibh sit amet commodo nulla facilisi.	Varius vel pharetra vel turpis nunc eget.	Tincidunt eget nullam non nisi est sit amet facilisis.	Id ornare arcu odio ut sem nulla pharetra diam.	Sollicitudin ac orci phasellus egestas tellus rutrum.	Ut consequat semper viverra nam libero justo.	Tellus rutrum tellus pellentesque eu.	Rutrum quisque non tellus orci ac.	Enim nunc faucibus a pellentesque sit amet porttitor eget.
Quisque egestas diam in arcu cursus euismod.	Fermentum odio eu feugiat pretium nibh ipsum consequat nisl.	Non diam phasellus vestibulum lorem sed risus ultricies tristique nulla.	Porttitor leo a diam sollicitudin tempor id eu nisl.	Tristique sollicitudin nibh sit amet commodo nulla facilisi.	Varius vel pharetra vel turpis nunc eget.	Tincidunt eget nullam non nisi est sit amet facilisis.	Id ornare arcu odio ut sem nulla pharetra diam.	Sollicitudin ac orci phasellus egestas tellus rutrum.	Ut consequat semper viverra nam libero justo.	Tellus rutrum tellus pellentesque eu.	Rutrum quisque non tellus orci ac.	Enim nunc faucibus a pellentesque sit amet porttitor eget.
Quisque egestas diam in arcu cursus euismod.	Fermentum odio eu feugiat pretium nibh ipsum consequat nisl.	Non diam phasellus vestibulum lorem sed risus ultricies tristique nulla.	Porttitor leo a diam sollicitudin tempor id eu nisl.	Tristique sollicitudin nibh sit amet commodo nulla facilisi.	Varius vel pharetra vel turpis nunc eget.	Tincidunt eget nullam non nisi est sit amet facilisis.	Id ornare arcu odio ut sem nulla pharetra diam.	Sollicitudin ac orci phasellus egestas tellus rutrum.	Ut consequat semper viverra nam libero justo.	Tellus rutrum tellus pellentesque eu.	Rutrum quisque non tellus orci ac.	Enim nunc faucibus a pellentesque sit amet porttitor eget.
Quisque egestas diam in arcu cursus euismod.	Fermentum odio eu feugiat pretium nibh ipsum consequat nisl.	Non diam phasellus vestibulum lorem sed risus ultricies tristique nulla.	Porttitor leo a diam sollicitudin tempor id eu nisl.	Tristique sollicitudin nibh sit amet commodo nulla facilisi.	Varius vel pharetra vel turpis nunc eget.	Tincidunt eget nullam non nisi est sit amet facilisis.	Id ornare arcu odio ut sem nulla pharetra diam.	Sollicitudin ac orci phasellus egestas tellus rutrum.	Ut consequat semper viverra nam libero justo.	Tellus rutrum tellus pellentesque eu.	Rutrum quisque non tellus orci ac.	Enim nunc faucibus a pellentesque sit amet porttitor eget.
Quisque egestas diam in arcu cursus euismod.	Fermentum odio eu feugiat pretium nibh ipsum consequat nisl.	Non diam phasellus vestibulum lorem sed risus ultricies tristique nulla.	Porttitor leo a diam sollicitudin tempor id eu nisl.	Tristique sollicitudin nibh sit amet commodo nulla facilisi.	Varius vel pharetra vel turpis nunc eget.	Tincidunt eget nullam non nisi est sit amet facilisis.	Id ornare arcu odio ut sem nulla pharetra diam.	Sollicitudin ac orci phasellus egestas tellus rutrum.	Ut consequat semper viverra nam libero justo.	Tellus rutrum tellus pellentesque eu.	Rutrum quisque non tellus orci ac.	Enim nunc faucibus a pellentesque sit amet porttitor eget.
Quisque egestas diam in arcu cursus euismod.	Fermentum odio eu feugiat pretium nibh ipsum consequat nisl.	Non diam phasellus vestibulum lorem sed risus ultricies tristique nulla.	Porttitor leo a diam sollicitudin tempor id eu nisl.	Tristique sollicitudin nibh sit amet commodo nulla facilisi.	Varius vel pharetra vel turpis nunc eget.	Tincidunt eget nullam non nisi est sit amet facilisis.	Id ornare arcu odio ut sem nulla pharetra diam.	Sollicitudin ac orci phasellus egestas tellus rutrum.	Ut consequat semper viverra nam libero justo.	Tellus rutrum tellus pellentesque eu.	Rutrum quisque non tellus orci ac.	Enim nunc faucibus a pellentesque sit amet porttitor eget.
Quisque egestas diam in arcu cursus euismod.	Fermentum odio eu feugiat pretium nibh ipsum consequat nisl.	Non diam phasellus vestibulum lorem sed risus ultricies tristique nulla.	Porttitor leo a diam sollicitudin tempor id eu nisl.	Tristique sollicitudin nibh sit amet commodo nulla facilisi.	Varius vel pharetra vel turpis nunc eget.	Tincidunt eget nullam non nisi est sit amet facilisis.	Id ornare arcu odio ut sem nulla pharetra diam.	Sollicitudin ac orci phasellus egestas tellus rutrum.	Ut consequat semper viverra nam libero justo.	Tellus rutrum tellus pellentesque eu.	Rutrum quisque non tellus orci ac.	Enim nunc faucibus a pellentesque sit amet porttitor eget.
Quisque egestas diam in arcu cursus euismod.	Fermentum odio eu feugiat pretium nibh ipsum consequat nisl.	Non diam phasellus vestibulum lorem sed risus ultricies tristique nulla.	Porttitor leo a diam sollicitudin tempor id eu nisl.	Tristique sollicitudin nibh sit amet commodo nulla facilisi.	Varius vel pharetra vel turpis nunc eget.	Tincidunt eget nullam non nisi est sit amet facilisis.	Id ornare arcu odio ut sem nulla pharetra diam.	Sollicitudin ac orci phasellus egestas tellus rutrum.	Ut consequat semper viverra nam libero justo.	Tellus rutrum tellus pellentesque eu.	Rutrum quisque non tellus orci ac.	Enim nunc faucibus a pellentesque sit amet porttitor eget.
Quisque egestas diam in arcu cursus euismod.	Fermentum odio eu feugiat pretium nibh ipsum consequat nisl.	Non diam phasellus vestibulum lorem sed risus ultricies tristique nulla.	Porttitor leo a diam sollicitudin tempor id eu nisl.	Tristique sollicitudin nibh sit amet commodo nulla facilisi.	Varius vel pharetra vel turpis nunc eget.	Tincidunt eget nullam non nisi est sit amet facilisis.	Id ornare arcu odio ut sem nulla pharetra diam.	Sollicitudin ac orci phasellus egestas tellus rutrum.	Ut consequat semper viverra nam libero justo.	Tellus rutrum tellus pellentesque eu.	Rutrum quisque non tellus orci ac.	Enim nunc faucibus a pellentesque sit amet porttitor eget.
Quisque egestas diam in arcu cursus euismod.	Fermentum odio eu feugiat pretium nibh ipsum consequat nisl.	Non diam phasellus vestibulum lorem sed risus ultricies tristique nulla.	Porttitor leo a diam sollicitudin tempor id eu nisl.	Tristique sollicitudin nibh sit amet commodo nulla facilisi.	Varius vel pharetra vel turpis nunc eget.	Tincidunt eget nullam non nisi est sit amet facilisis.	Id ornare arcu odio ut sem nulla pharetra diam.	Sollicitudin ac orci phasellus egestas tellus rutrum.	Ut consequat semper viverra nam libero justo.	Tellus rutrum tellus pellentesque eu.	Rutrum quisque non tellus orci ac.	Enim nunc faucibus a pellentesque sit amet porttitor eget.
Quisque egestas diam in arcu cursus euismod.	Fermentum odio eu feugiat pretium nibh ipsum consequat nisl.	Non diam phasellus vestibulum lorem sed risus ultricies tristique nulla.	Porttitor leo a diam sollicitudin tempor id eu nisl.	Tristique sollicitudin nibh sit amet commodo nulla facilisi.	Varius vel pharetra vel turpis nunc eget.	Tincidunt eget nullam non nisi est sit amet facilisis.	Id ornare arcu odio ut sem nulla pharetra diam.	Sollicitudin ac orci phasellus egestas tellus rutrum.	Ut consequat semper viverra nam libero justo.	Tellus rutrum tellus pellentesque eu.	Rutrum quisque non tellus orci ac.	Enim nunc faucibus a pellentesque sit amet porttitor eget.
Quisque egestas diam in arcu cursus euismod.	Fermentum odio eu feugiat pretium nibh ipsum consequat nisl.	Non diam phasellus vestibulum lorem sed risus ultricies tristique nulla.	Porttitor leo a diam sollicitudin tempor id eu nisl.	Tristique sollicitudin nibh sit amet commodo nulla facilisi.	Varius vel pharetra vel turpis nunc eget.	Tincidunt eget nullam non nisi est sit amet facilisis.	Id ornare arcu odio ut sem nulla pharetra diam.	Sollicitudin ac orci phasellus egestas tellus rutrum.	Ut consequat semper viverra nam libero justo.	Tellus rutrum tellus pellentesque eu.	Rutrum quisque non tellus orci ac.	Enim nunc faucibus a pellentesque sit amet porttitor eget.
Quisque egestas diam in arcu cursus euismod.	Fermentum odio eu feugiat pretium nibh ipsum consequat nisl.	Non diam phasellus vestibulum lorem sed risus ultricies tristique nulla.	Porttitor leo a diam sollicitudin tempor id eu nisl.	Tristique sollicitudin nibh sit amet commodo nulla facilisi.	Varius vel pharetra vel turpis nunc eget.	Tincidunt eget nullam non nisi est sit amet facilisis.	Id ornare arcu odio ut sem nulla pharetra diam.	Sollicitudin ac orci phasellus egestas tellus rutrum.	Ut consequat semper viverra nam libero justo.	Tellus rutrum tellus pellentesque eu.	Rutrum quisque non tellus orci ac.	Enim nunc faucibus a pellentesque sit amet porttitor eget.
Quisque egestas diam in arcu cursus euismod.	Fermentum odio eu feugiat pretium nibh ipsum consequat nisl.	Non diam phasellus vestibulum lorem sed risus ultricies tristique nulla.	Porttitor leo a diam sollicitudin tempor id eu nisl.	Tristique sollicitudin nibh sit amet commodo nulla facilisi.	Varius vel pharetra vel turpis nunc eget.	Tincidunt eget nullam non nisi est sit amet facilisis.	Id ornare arcu odio ut sem nulla pharetra diam.	Sollicitudin ac orci phasellus egestas tellus rutrum.	Ut consequat semper viverra nam libero justo.	Tellus rutrum tellus pellentesque eu.	Rutrum quisque non tellus orci ac.	Enim nunc faucibus a pellentesque sit amet porttitor eget.
Quisque egestas diam in arcu cursus euismod.	Fermentum odio eu feugiat pretium nibh ipsum consequat nisl.	Non diam phasellus vestibulum lorem sed risus ultricies tristique nulla.	Porttitor leo a diam sollicitudin tempor id eu nisl.	Tristique sollicitudin nibh sit amet commodo nulla facilisi.	Varius vel pharetra vel turpis nunc eget.	Tincidunt eget nullam non nisi est sit amet facilisis.	Id ornare arcu odio ut sem nulla pharetra diam.	Sollicitudin ac orci phasellus egestas tellus rutrum.	Ut consequat semper viverra nam libero justo.	Tellus rutrum tellus pellentesque eu.	Rutrum quisque non tellus orci ac.	Enim nunc faucibus a pellentesque sit amet porttitor eget.
Quisque egestas diam in arcu cursus euismod.	Fermentum odio eu feugiat pretium nibh ipsum consequat nisl.	Non diam phasellus vestibulum lorem sed risus ultricies tristique nulla.	Porttitor leo a diam sollicitudin tempor id eu nisl.	Tristique sollicitudin nibh sit amet commodo nulla facilisi.	Varius vel pharetra vel turpis nunc eget.	Tincidunt eget nullam non nisi est sit amet facilisis.	Id ornare arcu odio ut sem nulla pharetra diam.	Sollicitudin ac orci phasellus egestas tellus rutrum.	Ut consequat semper viverra nam libero justo.	Tellus rutrum tellus pellentesque eu.	Rutrum quisque non tellus orci ac.	Enim nunc faucibus a pellentesque sit amet porttitor eget.
Quisque egestas diam in arcu cursus euismod.	Fermentum odio eu feugiat pretium nibh ipsum consequat nisl.	Non diam phasellus vestibulum lorem sed risus ultricies tristique nulla.	Porttitor leo a diam sollicitudin tempor id eu nisl.	Tristique sollicitudin nibh sit amet commodo nulla facilisi.	Varius vel pharetra vel turpis nunc eget.	Tincidunt eget nullam non nisi est sit amet facilisis.	Id ornare arcu odio ut sem nulla pharetra diam.	Sollicitudin ac orci phasellus egestas tellus rutrum.	Ut consequat semper viverra nam libero justo.	Tellus rutrum tellus pellentesque eu.	Rutrum quisque non tellus orci ac.	Enim nunc faucibus a pellentesque sit amet porttitor eget.
Quisque egestas diam in arcu cursus euismod.	Fermentum odio eu feugiat pretium nibh ipsum consequat nisl.	Non diam phasellus vestibulum lorem sed risus ultricies tristique nulla.	Porttitor leo a diam sollicitudin tempor id eu nisl.	Tristique sollicitudin nibh sit amet commodo nulla facilisi.	Varius vel pharetra vel turpis nunc eget.	Tincidunt eget nullam non nisi est sit amet facilisis.	Id ornare arcu odio ut sem nulla pharetra diam.	Sollicitudin ac orci phasellus egestas tellus rutrum.	Ut consequat semper viverra nam libero justo.	Tellus rutrum tellus pellentesque eu.	Rutrum quisque non tellus orci ac.	Enim nunc faucibus a pellentesque sit amet porttitor eget.
Quisque egestas diam in arcu cursus euismod.	Fermentum odio eu feugiat pretium nibh ipsum consequat nisl.	Non diam phasellus vestibulum lorem sed risus ultricies tristique nulla.	Porttitor leo a diam sollicitudin tempor id eu nisl.	Tristique sollicitudin nibh sit amet commodo nulla facilisi.	Varius vel pharetra vel turpis nunc eget.	Tincidunt eget nullam non nisi est sit amet facilisis.	Id ornare arcu odio ut sem nulla pharetra diam.	Sollicitudin ac orci phasellus egestas tellus rutrum.	Ut consequat semper viverra nam libero justo.	Tellus rutrum tellus pellentesque eu.	Rutrum quisque non tellus orci ac.	Enim nunc faucibus a pellentesque sit amet porttitor eget.
Quisque egestas diam in arcu cursus euismod.	Fermentum odio eu feugiat pretium nibh ipsum consequat nisl.	Non diam phasellus vestibulum lorem sed risus ultricies tristique nulla.	Porttitor leo a diam sollicitudin tempor id eu nisl.	Tristique sollicitudin nibh sit amet commodo nulla facilisi.	Varius vel pharetra vel turpis nunc eget.	Tincidunt eget nullam non nisi est sit amet facilisis.	Id ornare arcu odio ut sem nulla pharetra diam.	Sollicitudin ac orci phasellus egestas tellus rutrum.	Ut consequat semper viverra nam libero justo.	Tellus rutrum tellus pellentesque eu.	Rutrum quisque non tellus orci ac.	Enim nunc faucibus a pellentesque sit amet porttitor eget.
Quisque egestas diam in arcu cursus euismod.	Fermentum odio eu feugiat pretium nibh ipsum consequat nisl.	Non diam phasellus vestibulum lorem sed risus ultricies tristique nulla.	Porttitor leo a diam sollicitudin tempor id eu nisl.	Tristique sollicitudin nibh sit amet commodo nulla facilisi.	Varius vel pharetra vel turpis nunc eget.	Tincidunt eget nullam non nisi est sit amet facilisis.	Id ornare arcu odio ut sem nulla pharetra diam.	Sollicitudin ac orci phasellus egestas tellus rutrum.	Ut consequat semper viverra nam libero justo.	Tellus rutrum tellus pellentesque eu.	Rutrum quisque non tellus orci ac.	Enim nunc faucibus a pellentesque sit amet porttitor eget.
Quisque egestas diam in arcu cursus euismod.	Fermentum odio eu feugiat pretium nibh ipsum consequat nisl.	Non diam phasellus vestibulum lorem sed risus ultricies tristique nulla.	Porttitor leo a diam sollicitudin tempor id eu nisl.	Tristique sollicitudin nibh sit amet commodo nulla facilisi.	Varius vel pharetra vel turpis nunc eget.	Tincidunt eget nullam non nisi est sit amet facilisis.	Id ornare arcu odio ut sem nulla pharetra diam.	Sollicitudin ac orci phasellus egestas tellus rutrum.	Ut consequat semper viverra nam libero justo.	Tellus rutrum tellus pellentesque eu.	Rutrum quisque non tellus orci ac.	Enim nunc faucibus a pellentesque sit amet porttitor eget.
Quisque egestas diam in arcu cursus euismod.	Fermentum odio eu feugiat pretium nibh ipsum consequat nisl.	Non diam phasellus vestibulum lorem sed risus ultricies tristique nulla.	Porttitor leo a diam sollicitudin tempor id eu nisl.	Tristique sollicitudin nibh sit amet commodo nulla facilisi.	Varius vel pharetra vel turpis nunc eget.	Tincidunt eget nullam non nisi est sit amet facilisis.	Id ornare arcu odio ut sem nulla pharetra diam.	Sollicitudin ac orci phasellus egestas tellus rutrum.	Ut consequat semper viverra nam libero justo.	Tellus rutrum tellus pellentesque eu.	Rutrum quisque non tellus orci ac.	Enim nunc faucibus a pellentesque sit amet porttitor eget.
Quisque egestas diam in arcu cursus euismod.	Fermentum odio eu feugiat pretium nibh ipsum consequat nisl.	Non diam phasellus vestibulum lorem sed risus ultricies tristique nulla.	Porttitor leo a diam sollicitudin tempor id eu nisl.	Tristique sollicitudin nibh sit amet commodo nulla facilisi.	Varius vel pharetra vel turpis nunc eget.	Tincidunt eget nullam non nisi est sit amet facilisis.	Id ornare arcu odio ut sem nulla pharetra diam.	Sollicitudin ac orci phasellus egestas tellus rutrum.	Ut consequat semper viverra nam libero justo.	Tellus rutrum tellus pellentesque eu.	Rutrum quisque non tellus orci ac.	Enim nunc faucibus a pellentesque sit amet porttitor eget.
Quisque egestas diam in arcu cursus euismod.	Fermentum odio eu feugiat pretium nibh ipsum consequat nisl.	Non diam phasellus vestibulum lorem sed risus ultricies tristique nulla.	Porttitor leo a diam sollicitudin tempor id eu nisl.	Tristique sollicitudin nibh sit amet commodo nulla facilisi.	Varius vel pharetra vel turpis nunc eget.	Tincidunt eget nullam non nisi est sit amet facilisis.	Id ornare arcu odio ut sem nulla pharetra diam.	Sollicitudin ac orci phasellus egestas tellus rutrum.	Ut consequat semper viverra nam libero justo.	Tellus rutrum tellus pellentesque eu.	Rutrum quisque non tellus orci ac.	Enim nunc faucibus a pellentesque sit amet porttitor eget.
Quisque egestas diam in arcu cursus euismod.	Fermentum odio eu feugiat pretium nibh ipsum consequat nisl.	Non diam phasellus vestibulum lorem sed risus ultricies tristique nulla.	Porttitor leo a diam sollicitudin tempor id eu nisl.	Tristique sollicitudin nibh sit amet commodo nulla facilisi.	Varius vel pharetra vel turpis nunc eget.	Tincidunt eget nullam non nisi est sit amet facilisis.	Id ornare arcu odio ut sem nulla pharetra diam.	Sollicitudin ac orci phasellus egestas tellus rutrum.	Ut consequat semper viverra nam libero justo.	Tellus rutrum tellus pellentesque eu.	Rutrum quisque non tellus orci ac.	Enim nunc faucibus a pellentesque sit amet porttitor eget.
Quisque egestas diam in arcu cursus euismod.	Fermentum odio eu feugiat pretium nibh ipsum consequat nisl.	Non diam phasellus vestibulum lorem sed risus ultricies tristique nulla.	Porttitor leo a diam sollicitudin tempor id eu nisl.	Tristique sollicitudin nibh sit amet commodo nulla facilisi.	Varius vel pharetra vel turpis nunc eget.	Tincidunt eget nullam non nisi est sit amet facilisis.	Id ornare arcu odio ut sem nulla pharetra diam.	Sollicitudin ac orci phasellus egestas tellus rutrum.	Ut consequat semper viverra nam libero justo.	Tellus rutrum tellus pellentesque eu.	Rutrum quisque non tellus orci ac.	Enim nunc faucibus a pellentesque sit amet porttitor eget.
Quisque egestas diam in arcu cursus euismod.	Fermentum odio eu feugiat pretium nibh ipsum consequat nisl.	Non diam phasellus vestibulum lorem sed risus ultricies tristique nulla.	Porttitor leo a diam sollicitudin tempor id eu nisl.	Tristique sollicitudin nibh sit amet commodo nulla facilisi.	Varius vel pharetra vel turpis nunc eget.	Tincidunt eget nullam non nisi est sit amet facilisis.	Id ornare arcu odio ut sem nulla pharetra diam.	Sollicitudin ac orci phasellus egestas tellus rutrum.	Ut consequat semper viverra nam libero justo.	Tellus rutrum tellus pellentesque eu.	Rutrum quisque non tellus orci ac.	Enim nunc faucibus a pellentesque sit amet porttitor eget.
Quisque egestas diam in arcu cursus euismod.	Fermentum odio eu feugiat pretium nibh ipsum consequat nisl.	Non diam phasellus vestibulum lorem sed risus ultricies tristique nulla.	Porttitor leo a diam sollicitudin tempor id eu nisl.	Tristique sollicitudin nibh sit amet commodo nulla facilisi.	Varius vel pharetra vel turpis nunc eget.	Tincidunt eget nullam non nisi est sit amet facilisis.	Id ornare arcu odio ut sem nulla pharetra diam.	Sollicitudin ac orci phasellus egestas tellus rutrum.	Ut consequat semper viverra nam libero justo.	Tellus rutrum tellus pellentesque eu.	Rutrum quisque non tellus orci ac.	Enim nunc faucibus a pellentesque sit amet porttitor eget.
Quisque egestas diam in arcu cursus euismod.	Fermentum odio eu feugiat pretium nibh ipsum consequat nisl.	Non diam phasellus vestibulum lorem sed risus ultricies tristique nulla.	Porttitor leo a diam sollicitudin tempor id eu nisl.	Tristique sollicitudin nibh sit amet commodo nulla facilisi.	Varius vel pharetra vel turpis nunc eget.	Tincidunt eget nullam non nisi est sit amet facilisis.	Id ornare arcu odio ut sem nulla pharetra diam.	Sollicitudin ac orci phasellus egestas tellus rutrum.	Ut consequat semper viverra nam libero justo.	Tellus rutrum tellus pellentesque eu.	Rutrum quisque non tellus orci ac.	Enim nunc faucibus a pellentesque sit amet porttitor eget.
Quisque egestas diam in arcu cursus euismod.	Fermentum odio eu feugiat pretium nibh ipsum consequat nisl.	Non diam phasellus vestibulum lorem sed risus ultricies tristique nulla.	Porttitor leo a diam sollicitudin tempor id eu nisl.	Tristique sollicitudin nibh sit amet commodo nulla facilisi.	Varius vel pharetra vel turpis nunc eget.	Tincidunt eget nullam non nisi est sit amet facilisis.	Id ornare arcu odio ut sem nulla pharetra diam.	Sollicitudin ac orci phasellus egestas tellus rutrum.	Ut consequat semper viverra nam libero justo.	Tellus rutrum tellus pellentesque eu.	Rutrum quisque non tellus orci ac.	Enim nunc faucibus a pellentesque sit amet porttitor eget.
